question,answer
T1-1,D
T1-2,E
T1-3,D
T1-4,E
T1-5,E
T1-6,E
T1-7,C
T1-8,B
T1-9,E
T1-10,D
T1-11,D
T1-12,E
T1-13,A
T1-14,B
T1-15,D
T2-1,C
T2-2,D
T2-3,A
T2-4,D
T2-5,B
T2-6,C
T2-7,B
T2-8,E
T2-9,D
T2-10,A
T2-11,A
T2-12,C
T2-13,D
T2-14,D
T3-1,C
T3-2,E
T3-3,A
T3-4,D
T3-5,E
T3-6,C
T3-7,D
T3-8,D
T3-9,A
T3-10,E
T3-11,D
T3-12,D
T3-13,B
T3-14,E
T4-1,E
T4-2,A
T4-3,D
T4-4,D
T4-5,C
T4-6,E
T4-7,A
T4-8,A
T4-9,C
T4-10,E
T4-11,A
T4-12,C
T4-13,B
T4-14,E
T4-15,D
T5-1,B
T5-2,B
T5-3,D
T5-4,E
T5-5,A
T5-6,D
T5-7,D
T5-8,A
T5-9,C
T5-10,B
T5-11,D
T5-12,E
T5-13,B
T5-14,B
T6-1,B
T6-2,B
T6-3,C
T6-4,E
T6-5,E
T6-6,D
T6-7,D
T6-8,C
T6-9,A
T6-10,C
T6-11,B
T6-12,E
T6-13,B
T6-14,D
T7-1,E
T7-2,E
T7-3,C
T7-4,D
T7-5,D
T7-6,C
T7-7,C
T7-8,C
T7-9,E
T7-10,B
T7-11,D
T7-12,A
T7-13,C
T7-14,D
T8-1,B
T8-2,D
T8-3,E
T8-4,A
T8-5,B
T8-6,B
T8-7,D
T8-8,B
T8-9,E
T8-10,C
T8-11,B
T8-12,A
T8-13,C
T8-14,E
T8-15,D
T9-1,A
T9-2,B
T9-3,B
T9-4,E
T9-5,E
T9-6,E
T9-7,D
T9-8,E
T9-9,A
T9-10,C
T9-11,B
T9-12,C
T9-13,A
T9-14,C
T10-1,C
T10-2,D
T10-3,A
T10-4,E
T10-5,A
T10-6,B
T10-7,A
T10-8,E
T10-9,C
T10-10,B
T10-11,A
T10-12,C
T10-13,B
T10-14,E